;meta[fps=30]
;meta[frames=52]
;meta[profile=grlt]
jaw_open_a;0.030201143;0.07066172;0.090873145;0.08517829;0.046685718;0.025723431;-0.00293943;-0.025542859;0.018156193;0.09668571;0.13476571;0.14860189;0.18785524;0.15385905;0.14685825;0.13179648;0.07587048;0.032646533;0.04369589;0.056543134;0.075905964;0.054593965;0.06505014;0.12316344;0.16558096;0.18037485;0.19941714;0.12858668;0.06654858;0.041074287;0.017295238;-0.039035432;0.004601141;0.10042058;0.19960916;0.21325561;0.19691813;0.117408015;0.09717334;0.1052221;0.10717257;0.06988648;0.07030095;0.080256;0.12872685;0.15497144;0.17369144;0.17802975;0.15077944;0.09753143;0.04401828;0.0064319917;-0.0054719993;-0.002660571;0;0;0;0;0;0;0;0;0;0
jaw_open_o;0.0053805695;0.034169145;0.047218293;0.044528008;0.02609829;0.015689146;-0.018992765;0.006369524;0.030674288;0.056015242;0.061820954;0.033554286;0.036632385;0.0440381;0.046308577;0.043611433;0.021805717;-0.014537144;-0.0052967626;-0.004489143;0.018313145;0.07145295;0.114473164;0.13468802;0.11821181;0.06338286;0.036605712;0.041005712;0.05994286;0.058742862;0.08448;0.14338286;0.20535773;0.22436345;0.22474974;0.16618897;0.12329448;0.1219863;0.09318553;0.04795733;0.022176001;0.011539809;0.021548193;0.048489146;0.07038629;0.08944002;0.10360687;0.10590629;0.08938972;0.057924576;0.026130285;0.0038079964;-0.003264;-0.001572571;0;0;0;0;0;0;0;0;0;0
jaw_chew;0;0;0;0;0;0;0;0;0;0;0;0;0;0;0;0;0;0;0;0;0;0;0;0;0;0;0;0;0;0;0;0;0;0;0;0;0;0;0;0;0;0;0;0;0;0;0;0;0;0;0;0;0;0;0;0;0;0;0;0;0;0;0;0
jaw_front;0.050511476;0.10752833;0.17361622;0.21274506;0.19388594;0.13413309;0.06644214;0.010105159;0.03927915;0.11766928;0.19284965;0.26765785;0.2714509;0.20424503;0.12931822;0.08257726;0.07961952;0.14208564;0.17521986;0.17328791;0.14445141;0.10071317;0.09551235;0.14698128;0.21519405;0.23324068;0.21994105;0.15102631;0.09311488;0.055760864;0.029127475;-0.00793527;0.043667596;0.1625077;0.29190454;0.3319924;0.29513335;0.20114084;0.18929256;0.20642313;0.20604551;0.14935835;0.11378799;0.105913796;0.16343589;0.21070114;0.2431407;0.24536213;0.20945303;0.14380099;0.074811086;0.02500811;0.0032992037;-0.0005081204;0;0;0;0;0;0;0;0;0;0
jaw_back;0;0;0;-0.008851953;0.076947264;0.28655574;0.51480407;0.5904655;0.47511455;0.23099048;0.050487623;-0.006205989;0;0;0;0;0;0;0;0;0;0;0;0;0;0;0;0;0;0;0;0;0;0;0;0;0;0;0;0;0;0;0;0;0;0;0;0;0;0;0;0;0;0;0;0;0;0;0;0;0;0;0;0
jaw_up;0;0;0;0;0;0;0;0;0;0;0;0;0;0;0;0;0;0;0;0;0;0;0;0;0;0;0;0;0;0;0;0;0;0;0;0;0;0;0;0;0;0;0;0;0;0;0;0;0;0;0;0;0;0;0;0;0;0;0;0;0;0;0;0
jaw_right;0;0;0;0;0;0;0;0;0;0;0;0;0;0;0;0;0;0;0;0;0;0;0;0;0;0;0;0;0;0;0;0;0;0;0;0;0;0;0;0;0;0;0;0;0;0;0;0;0;0;0;0;0;0;0;0;0;0;0;0;0;0;0;0
jaw_left;0.02598333;0.06140983;0.079987235;0.07856784;0.05000455;0.025716148;-0.0025716147;-0.0017653016;0.016396629;0.047869883;0.069260255;0.06330435;0.076893985;0.079025075;0.08402676;0.068226516;0.034113258;-0.0034113259;-0.001428675;0.013260436;0.038836632;0.05482772;0.066532776;0.08066315;0.09113567;0.091214664;0.096932545;0.078977354;0.060688198;0.039894223;0.032061692;0.03643916;0.09320315;0.17280275;0.23640725;0.23194101;0.19293009;0.13999823;0.09731874;0.07510788;0.05840815;0.042670462;0.06040988;0.09742554;0.13129549;0.15878013;0.17676553;0.17719811;0.15134677;0.10392218;0.054175664;0.018177828;0.002433253;-0.0003721446;0;0;0;0;0;0;0;0;0;0
corner_right_tight;0.16189037;0.30635333;0.42216232;0.4470068;0.36595917;0.26403528;0.18040936;0.10641588;0.11085312;0.1531636;0.24766247;0.34631768;0.36201134;0.26747286;0.16412109;0.1268218;0.21885337;0.37407374;0.45961174;0.46851087;0.41739944;0.3248701;0.25462908;0.23763554;0.24622339;0.24160157;0.21786365;0.13478157;0.06882688;0.035590705;0.019092292;-0.0019092292;0;0;0;-0.0018146028;0.01684723;0.049280003;0.07060845;0.073703654;0.07797818;0.11808127;0.2139899;0.3253861;0.39209777;0.39615005;0.3427061;0.26406926;0.17884637;0.103770785;0.047955606;0.01646501;0.002193108;-0.00033620239;0;0;0;0;0;0;0;0;0;0
corner_left_tight;0.14549048;0.2738728;0.38450652;0.41987067;0.3555967;0.2659821;0.17807543;0.09990984;0.10156998;0.14259273;0.2235086;0.30243924;0.30822268;0.22153313;0.1335204;0.103479534;0.1785923;0.30526993;0.3743541;0.3888573;0.35965553;0.292256;0.23797935;0.22450739;0.22956838;0.22431052;0.20291823;0.12624848;0.065247774;0.034104515;0.018257353;-0.0018257353;0;0;0;-0.0017403858;0.016164437;0.04720193;0.067596726;0.07052013;0.074655876;0.11308537;0.20491391;0.3114682;0.3752521;0.37912175;0.3280769;0.2528911;0.1712974;0.09937121;0.045873817;0.015710225;0.0020762167;-0.0003195036;0;0;0;0;0;0;0;0;0;0
corner_right_spread;0;0;0;0;0;0;0;0;0;0;0;-0.0034065545;0.034065545;0.06813109;0.08516386;0.06813109;0.034065545;-0.0034065545;0;0;0;0;0;0;0;-0.0015251568;0.015251568;0.030503135;0.03812892;0.030503135;0.015251568;-0.0047396757;0.027944881;0.10404325;0.1868707;0.21284659;0.18591282;0.12327517;0.07544832;0.05261303;0.036904488;0.016856287;0.02231123;0.04773407;0.07795667;0.10629831;0.12633243;0.12892853;0.110736184;0.07653615;0.040117186;0.013509546;0.0017829855;-0.0002743055;0;0;0;0;0;0;0;0;0;0
corner_left_spread;0;0;0;0;0;0;0;0;0;0;0;-0.0035457115;0.035457116;0.07091423;0.088642776;0.07091423;0.035457116;-0.0035457115;0;0;0;0;0;0;0;-0.0015028917;0.015028916;0.030057833;0.03757229;0.030057833;0.015028916;-0.0046623047;0.027467296;0.10224618;0.18362556;0.20913391;0.1826895;0.121205814;0.074270315;0.051836446;0.03638987;0.01670073;0.022056665;0.046999324;0.07665862;0.10453493;0.124321654;0.12694226;0.109046265;0.07534831;0.03949265;0.013313613;0.0017756382;-0.00027185638;0;0;0;0;0;0;0;0;0;0
corner_right_out;0.17011009;0.36625198;0.4642878;0.41494757;0.27297693;0.1909324;0.18891805;0.2484048;0.27897388;0.27996844;0.31463036;0.35760307;0.34188005;0.30353215;0.27301443;0.2867268;0.370664;0.47903684;0.51743656;0.51663;0.45179737;0.37630874;0.3262733;0.3239429;0.31853586;0.3332382;0.32890508;0.2925351;0.25011182;0.21165724;0.18544014;0.2119996;0.25020865;0.24159634;0.2160685;0.17096877;0.14971215;0.19055924;0.20694615;0.1765879;0.14505577;0.15521792;0.21983857;0.33905908;0.40851384;0.4131227;0.35940713;0.28000766;0.19260837;0.11376446;0.05336712;0.018134888;0.0023378313;-0.00036403374;0;0;0;0;0;0;0;0;0;0
corner_left_out;0.18850271;0.403564;0.5109832;0.45368963;0.29112378;0.18431439;0.1755426;0.2338314;0.26201114;0.2600272;0.29241395;0.33649424;0.32641697;0.29346097;0.2598794;0.28400093;0.39927995;0.5503304;0.6199388;0.61754495;0.52091;0.41995996;0.3493139;0.33002535;0.30912328;0.30911627;0.29703543;0.26896194;0.23554489;0.20405094;0.18442152;0.21565476;0.256562;0.24663012;0.22494486;0.18779558;0.17341885;0.21038626;0.21620286;0.17225291;0.13871431;0.15486763;0.22652587;0.34863976;0.42002043;0.42453468;0.36846012;0.28574982;0.19537707;0.114645034;0.053537454;0.018335273;0.0024380237;-0.00037405294;0;0;0;0;0;0;0;0;0;0
corner_right_in;-0.0024547232;0.021341063;0.07943897;0.14266339;0.16359255;0.13160044;0.06395083;0.013965762;-0.0017171932;0;0;0;0;0;0;0;0;0;0;0;0;0;0;0;0;-0.0011355182;0.011355182;0.022710364;0.028387954;0.022710364;0.011355182;-0.0011355182;0;0;0;-0.0010761447;0.009993303;0.02920434;0.04226651;0.04057711;0.0272583;0.01245144;0.01659638;0.035525024;0.058057267;0.07914696;0.0939766;0.095872246;0.08230393;0.05682044;0.029757254;0.009997455;0.0012931544;-0.00020083081;0;0;0;0;0;0;0;0;0;0
corner_left_in;-0.002660675;0.023127833;0.08614353;0.15468654;0.17736906;0.1426634;0.06931114;0.015112412;-0.0018591328;0;0;0;0;0;0;0;0;0;0;0;0;0;0;0;0;-0.001174482;0.0117448205;0.023489641;0.02936205;0.023489641;0.0117448205;-0.001174482;0;0;0;-0.0011206749;0.010405207;0.03042892;0.044047713;0.04229041;0.028481765;0.013088666;0.017275685;0.036774095;0.05991863;0.08168674;0.09716296;0.09924474;0.085282095;0.05895121;0.030896114;0.01041871;0.00139357;-0.00021307661;0;0;0;0;0;0;0;0;0;0
corner_right_up;0.031004103;0.09644948;0.1408822;0.13893317;0.12053917;0.13104911;0.16965005;0.19787055;0.16835313;0.10107327;0.0653821;0.06942312;0.07461394;0.06752622;0.060628824;0.06839138;0.09871373;0.13688773;0.15176682;0.14355925;0.10940257;0.06768659;0.04150844;0.037989367;0.045276746;0.058483645;0.069221154;0.06254071;0.04607384;0.025049124;0.018120052;0.04137962;0.075756885;0.0868894;0.06991231;0.03375755;0.00856834;0.015266412;0.028809506;0.034219544;0.029886022;0.025145419;0.02647205;0.04168688;0.050223306;0.05075656;0.043883327;0.033762746;0.022781616;0.013165332;0.0060583227;0.002057291;0.00025048188;-0.000040077106;0;0;0;0;0;0;0;0;0;0
corner_left_up;0.023988936;0.075404815;0.10965544;0.11019453;0.10275243;0.13008057;0.1698766;0.19754401;0.17139228;0.109604515;0.08052234;0.088738054;0.092515044;0.08112647;0.073020935;0.06763703;0.07137967;0.07612743;0.06616122;0.06388424;0.062568545;0.053043596;0.04817099;0.054148108;0.062042717;0.07740152;0.088280976;0.07671427;0.054699693;0.029406581;0.020222241;0.04467949;0.08187977;0.09387507;0.07549248;0.036331017;0.009958049;0.019334426;0.035490513;0.04166796;0.036836434;0.03305137;0.038456216;0.060247038;0.07266537;0.073471375;0.06356565;0.04897869;0.033095907;0.019134598;0.0087869065;0.002992424;0.00037293974;-0.00005900241;0;0;0;0;0;0;0;0;0;0
corner_right_down;0;0;0;0;0;0;0;0;0;0;0;0;0;0;0;0;0;0;0;0;0;0;0;0;0;-0.0008739038;0.008739038;0.017478077;0.021847596;0.017478077;0.008739038;-0.0027107717;0.015968505;0.05945329;0.106783256;0.12162664;0.106235914;0.07044296;0.043113325;0.030064587;0.021088282;0.009632164;0.012749274;0.027271366;0.044599153;0.06084686;0.07232116;0.07377841;0.06333031;0.0437297;0.022924108;0.007719741;0.0010188491;-0.00015674603;0;0;0;0;0;0;0;0;0;0
corner_left_down;0;0;0;0;0;0;0;0;0;0;0;0;0;0;0;0;0;0;0;0;0;0;0;0;0;-0.0009295664;0.009295664;0.018591328;0.02323916;0.018591328;0.009295664;-0.0028827693;0.016978782;0.06323111;0.113549046;0.12932384;0.112895936;0.074785195;0.04570442;0.031865276;0.022418173;0.010332177;0.013704074;0.029157214;0.047574874;0.0647949;0.07695986;0.07843916;0.067359164;0.046558477;0.024479322;0.00830019;0.00113151;-0.00017144093;0;0;0;0;0;0;0;0;0;0
lips_in;0;0;0;-0.00054056395;0.0046971333;0.017521095;0.031436678;0.03602885;0.028956909;0.014049414;0.0030439526;-0.00037524587;0;0;0;0;0;0;0;0;0;0;0;0;0;0;0;0;0;0;0;0;0;0;0;0;0;0;0;0;0;0;0;0;0;0;0;0;0;0;0;0;0;0;0;0;0;0;0;0;0;0;0;0
lips_out;0.01702323;0.070884004;0.16264151;0.24117833;0.25012413;0.18273734;0.08671288;0.04858714;0.08219307;0.11906402;0.14951625;0.16784677;0.1525316;0.12575263;0.08641434;0.047779914;0.06605181;0.11460419;0.14168352;0.1348404;0.09749917;0.054563485;0.0214358;0.004507992;-0.00056980376;-0.0004007712;0.0015028922;0.029790655;0.09109193;0.15362895;0.17099568;0.13394105;0.0652923;0.014260774;-0.0017533738;-0.00037850608;0.0035115187;0.010305543;0.014933497;0.014356196;0.009652667;0.004426804;0.0058542485;0.012511694;0.020415474;0.027853215;0.033116106;0.03381516;0.029009916;0.019985123;0.0104124155;0.003470105;0.00044294738;-0.00006927613;0;0;0;0;0;0;0;0;0;0
lips_up;-0.0008492532;0.007380869;0.027510077;0.04938073;0.05660893;0.045516156;0.022099666;0.004804482;-0.0005916145;0;0;0;0;0;0;0;0;0;0;0;0;0;0;0;0;0;0;0;0;0;0;0;0;0;0;0;0;0;0;0;0;0;0;0;0;0;0;0;0;0;0;0;0;0;0;0;0;0;0;0;0;0;0;0
lips_down;0;0;0;0;0;0;0;0;0;0;0;0;0;0;0;0;0;0;0;0;0;0;0;0;0;0;0;0;0;0;0;0;0;0;0;0;0;0;0;0;0;0;0;0;0;0;0;0;0;0;0;0;0;0;0;0;0;0;0;0;0;0;0;0
lips_right;0;0;0;0;0;0;0;0;0;0;0;0;0;0;0;0;0;0;0;0;0;0;0;0;0;0;0;0;0;0;0;0;0;0;0;0;0;0;0;0;0;0;0;0;0;0;0;0;0;0;0;0;0;0;0;0;0;0;0;0;0;0;0;0
lips_left;0;0;0;0;0;0;0;0;0;0;0;0;0;0;0;0;0;0;0;0;0;0;0;0;0;0;0;0;0;0;0;0;0;0;0;0;0;0;0;0;0;0;0;0;0;0;0;0;0;0;0;0;0;0;0;0;0;0;0;0;0;0;0;0
lip_upper_front;0.013809905;0.054939043;0.12361841;0.18129331;0.18674822;0.13544674;0.066633776;0.014555785;-0.0017895545;-0.001165205;0.0108134;0.03169061;0.045903143;0.043817114;0.031550124;0.028691186;0.0538523;0.09158099;0.11328943;0.10785039;0.07798338;0.04363157;0.017118651;0.0035783127;-0.000453253;-0.00050096394;0.0050096395;0.010019279;0.012524098;0.010019279;0.0050096395;-0.00050096394;0;0;0;-0.0004824097;0.0044789887;0.013099278;0.018962411;0.018204879;0.012277327;0.005652951;0.007455457;0.0158338;0.02574064;0.03499601;0.041547503;0.042436544;0.036565907;0.025410004;0.013433625;0.0045995153;0.0006343314;-0.00009551709;0;0;0;0;0;0;0;0;0;0
lip_lower_front;0.018134892;0.061390348;0.12721145;0.17750822;0.17709075;0.12397187;0.061273452;0.013409135;-0.0016476148;-0.0012950846;0.012023135;0.0351788;0.05093133;0.048529882;0.035390317;0.034785975;0.06746579;0.11457283;0.14180462;0.13501376;0.09761322;0.05457962;0.021406267;0.00444824;-0.0005645783;-0.0017478076;0.017478077;0.034956153;0.043695193;0.034956153;0.017478077;-0.0035295696;0.015490918;0.05765622;0.103538126;0.11706043;0.11093893;0.091529265;0.075444244;0.061454784;0.042176563;0.019264327;0.025498549;0.05454273;0.089198306;0.12169372;0.14464232;0.14755683;0.12666062;0.0874594;0.045848217;0.015439482;0.0020376982;-0.00031349206;0;0;0;0;0;0;0;0;0;0
lip_upper_back;0;0;0;-0.001322545;0.011498794;0.042792898;0.0768423;0.08810843;0.07087248;0.034435146;0.007518912;-0.0009245568;0;0;0;0;0;0;0;0;0;0;0;0;0;0;0;0;0;0;0;0;0;0;0;0;0;0;0;0;0;0;0;0;0;0;0;0;0;0;0;0;0;0;0;0;0;0;0;0;0;0;0;0
lip_lower_back;0;0;0;0;0;0;0;-0.0000667952;0.00061971095;0.0018183135;0.0026346992;0.002541928;0.0016327713;0.0004156145;-0.00004824097;0;0;0;0;0;0;-0.0000500964;0.00043416876;0.001633699;0.0029501212;0.0033954221;0.002741386;0.00134147;0.00029501208;-0.00003618073;0;0;0;0;0;0;0;0;0;0;0;0;0;0;0;0;0;0;0;0;0;0;0;0;0;0;0;0;0;0;0;0;0;0
lip_upper_out;0.017032772;0.034065545;0.04258193;0.034065545;0.017032772;-0.0017032772;0;0;0;0;0;0;0;-0.00047392776;0.0032713742;0.022420917;0.057022415;0.09542011;0.118008025;0.11235428;0.08127861;0.045528874;0.017883612;0.00374371;-0.00047392765;0;0;0;0;0;0;0;0;0;0;0;0;0;0;0;0;0;0;0;0;0;0;0;0;0;0;0;0;0;0;0;0;0;0;0;0;0;0;0
lip_lower_out;0.008277038;0.022682535;0.040708885;0.05104266;0.04706278;0.029826835;0.014900893;0.0032284346;-0.00039798804;0;0;0;0;-0.00024173498;0.0016555666;0.011550796;0.02949008;0.04945707;0.061281417;0.058386948;0.042217735;0.023605736;0.0092288675;0.0018973006;-0.00024173492;-0.0003840724;0.003840724;0.007681448;0.00960181;0.007681448;0.003840724;-0.0011861713;0.006973975;0.025945757;0.046656445;0.053177327;0.046534445;0.030940462;0.018996181;0.013218749;0.009312213;0.0043120007;0.005664752;0.011939641;0.019483045;0.02658805;0.031674948;0.03234112;0.02779548;0.019225882;0.010151755;0.0034753534;0.0004947297;-0.0000734747;0;0;0;0;0;0;0;0;0;0
lips_blow;0;0;0;0;0;0;0;0;0;0;0;0;-0.00027672292;0.0025668438;0.007538314;0.010925784;0.010544097;0.00677494;0.0017271326;-0.00020038555;0;0;0;0;-0.00027672292;0.0025668438;0.007538314;0.010925784;0.010544097;0.00677494;0.0017271326;-0.00020038555;0;0;0;0;-0.00029103618;0.0029103619;0.0058207237;0.007275904;0.0058207237;0.0029103619;-0.00029103618;0;0;0;0;0;0;0;0;0;0;0;0;0;0;0;0;0;0;0;0;0
lip_lower_center_up;0;0;0;0;0;0;0;0;0;0;0;0;0;0;0;0;0;0;0;0;0;0;0;0;0;0;0;0;0;0;0;0;0;0;0;0;0;0;0;0;0;0;0;0;0;0;0;0;0;0;0;0;0;0;0;0;0;0;0;0;0;0;0;0
lip_lower_right_up;0;0;0;0;0;0;0;-0.0023341207;0.021671329;0.06338122;0.09175062;0.08842941;0.056738805;0.014364676;-0.0016698797;0;0;0;0;0;0;-0.0018730486;0.016275762;0.060697347;0.109029226;0.12504616;0.10059634;0.048891295;0.010653833;-0.0013108556;0;0;0;0;0;0;0;0;0;0;0;0;0;0;0;0;0;0;0;0;0;0;0;0;0;0;0;0;0;0;0;0;0;0
lip_lower_left_up;0;0;0;0;0;0;0;-0.00019667474;0.0018294463;0.005306507;0.0076628923;0.007366025;0.004712771;0.0011763372;-0.00013730119;0;0;0;0;0;0;-0.00015585546;0.0013526026;0.0050708684;0.009073013;0.010381086;0.008321567;0.004018844;0.0008516386;-0.00010575905;0;0;0;0;0;0;0;0;0;0;0;0;0;0;0;0;0;0;0;0;0;0;0;0;0;0;0;0;0;0;0;0;0;0
lip_lower_center_down;0.09511745;0.18754418;0.26588938;0.2884979;0.27574334;0.29493612;0.3163821;0.3165341;0.27126226;0.17033163;0.11179437;0.11763013;0.12738584;0.13302633;0.12590045;0.12200831;0.15885434;0.21044089;0.2228821;0.23294564;0.22602272;0.1950255;0.14276491;0.0796082;0.018594297;0.01521743;0.06396568;0.11115462;0.14324321;0.14211975;0.11329949;0.08871849;0.089197196;0.10968244;0.13748398;0.13327126;0.12218001;0.11596629;0.13321765;0.14469239;0.14161992;0.13280478;0.1635881;0.21637304;0.2629994;0.27108943;0.2540466;0.22436729;0.17984717;0.12289868;0.06398533;0.021353303;0.0028065103;-0.0004330554;0;0;0;0;0;0;0;0;0;0
lip_lower_right_down;0.07088528;0.13936956;0.19906917;0.21770723;0.20858997;0.21961702;0.23368189;0.21865405;0.16492847;0.07850699;0.039973952;0.06302591;0.09438531;0.090276346;0.063152194;0.047800973;0.08246291;0.14103805;0.17283705;0.18183604;0.17035612;0.16343299;0.1528661;0.1256945;0.07861051;0.036796357;0.017572703;0.017572703;0.02323916;0.015301666;0.037895136;0.10553361;0.19120124;0.21744059;0.19322827;0.13411547;0.09822418;0.09035811;0.07837266;0.046900608;0.036541052;0.057408977;0.10410068;0.15826675;0.19065686;0.19256051;0.16656718;0.12835032;0.08696402;0.050487146;0.023353824;0.008048818;0.0010909877;-0.00016587466;0;0;0;0;0;0;0;0;0;0
lip_lower_left_down;0.11135704;0.18501711;0.22461832;0.21435468;0.17813054;0.19156776;0.20723599;0.19507909;0.16950254;0.12937543;0.12020072;0.13746646;0.13637352;0.09376773;0.05488073;0.042758465;0.07372016;0.1259471;0.15182441;0.18450637;0.21695426;0.24142464;0.23729895;0.21312767;0.16629404;0.12879968;0.10787144;0.079825826;0.053497385;0.030411297;0.046511725;0.10634909;0.19415137;0.22083604;0.19596967;0.13467394;0.10579245;0.111547954;0.108764835;0.07860681;0.07002362;0.10795587;0.19559115;0.2973722;0.35833398;0.36207452;0.31331402;0.2414958;0.16351464;0.094804645;0.04372858;0.01496212;0.0019593253;-0.0003028048;0;0;0;0;0;0;0;0;0;0
lip_lower_in;0;0;0;0;0;0;0;0;0;0;0;0;0;0;0;0;0;0;0;0;0;0;0;0;0;0;0;0;0;-0.0009907953;0.008611014;0.03209509;0.05761086;0.06604375;0.053102177;0.025782945;0.005605229;-0.00069021696;0;0;0;0;0;0;0;0;0;0;0;0;0;0;0;0;0;0;0;0;0;0;0;0;0;0
lip_upper_center_up;0.03959841;0.105503;0.22545601;0.34315473;0.3730957;0.32333604;0.19541675;0.09969554;0.06664955;0.05445107;0.036633827;0.023626016;0.009781783;0.031549595;0.07686059;0.10741303;0.1062017;0.075105354;0.027926113;0.031001875;0.06685244;0.0883446;0.0822869;0.05205095;0.010536569;0.023205392;0.07169257;0.11018237;0.1212546;0.1013014;0.05831405;0.031841826;0.016401002;0.0036069402;-0.00044251813;-0.0011058317;0.008264049;0.050059285;0.08321604;0.09410403;0.08145711;0.072654985;0.08950779;0.13952848;0.16803557;0.17054261;0.15220508;0.12471443;0.092218556;0.058973473;0.029711613;0.010073825;0.0013459227;-0.0002059518;0;0;0;0;0;0;0;0;0;0
lip_upper_right_up;0.014580274;0.030362584;0.052693054;0.072431035;0.07183406;0.057435516;0.02696522;0.0047350363;0.010087003;0.03169061;0.045903143;0.044270363;0.028425062;0.007221301;-0.0008386506;0;0;0;-0.0007878122;0.007318898;0.021348486;0.029939087;0.03791926;0.04946555;0.05938167;0.06167719;0.053603142;0.031009665;0.013553858;0.0059113745;0.003284097;-0.0003284097;0;0;0;-0.00031171093;0.0028944584;0.008460724;0.012128893;0.0125920065;0.012953814;0.018820658;0.033749383;0.05126753;0.06170317;0.06234886;0.054288905;0.04240382;0.029324204;0.01743577;0.008239185;0.0028053971;0.0003673735;-0.000056775905;0;0;0;0;0;0;0;0;0;0
lip_upper_left_up;0.05333429;0.11376056;0.17226203;0.19820082;0.16858828;0.10959699;0.04818735;0.022376386;0.047008045;0.09394372;0.13338628;0.1475042;0.13829942;0.122127585;0.10784852;0.10423867;0.12220499;0.15063085;0.16933367;0.16928448;0.14530922;0.12572658;0.12089796;0.13673426;0.14682473;0.14654493;0.13160138;0.11237363;0.1018302;0.09928177;0.09363944;0.08957959;0.08583238;0.08170165;0.08707403;0.09049543;0.09548188;0.10188011;0.09818985;0.081307195;0.06532607;0.05962807;0.07399461;0.10152313;0.12374033;0.12982649;0.12519868;0.114061706;0.09360455;0.064579815;0.03359798;0.011221589;0.001469494;-0.00022710362;0;0;0;0;0;0;0;0;0;0
lip_upper_center_down;0;0;0;0;0;0;0;0;0;0;0;0;0;0;0;0;0;0;0;0;0;0;0;0;0;0;0;0;0;0;0;0;0;0;0;0;0;0;0;0;0;0;0;0;0;0;0;0;0;0;0;0;0;0;0;0;0;0;0;0;0;0;0;0
lip_upper_right_down;0;0;0;-0.00097353995;0.008461838;0.031523716;0.05663676;0.06496389;0.052274197;0.025416128;0.0055534635;-0.0006827026;0;0;0;0;0;0;0;0;0;0;0;0;0;-0.0003284097;0.003284097;0.006568194;0.008210243;0.006568194;0.003284097;-0.001023358;0.006049418;0.022412851;0.040242713;0.04582429;0.040014498;0.026501827;0.01621342;0.011269628;0.007908105;0.0036120613;0.004780978;0.010225232;0.016739989;0.022848187;0.027158704;0.02769752;0.023764169;0.016397106;0.00859654;0.0028949026;0.00038206845;-0.000058779755;0;0;0;0;0;0;0;0;0;0
lip_upper_left_down;0;0;0;-0.000514323;0.004469712;0.016660392;0.029940948;0.03434943;0.02764486;0.013445873;0.0029389886;-0.00036125068;0;0;0;0;0;0;0;0;0;0;0;0;0;-0.00089616893;0.00896169;0.01792338;0.022404224;0.01792338;0.00896169;-0.002733037;0.015968505;0.05945329;0.106783256;0.121604376;0.106443726;0.0710367;0.043966822;0.03088097;0.021602897;0.0097877225;0.013003837;0.028006112;0.04589721;0.06261025;0.074331924;0.07576468;0.06502022;0.04491754;0.02354864;0.007915674;0.0010261966;-0.00015919517;0;0;0;0;0;0;0;0;0;0
lip_upper_in;-0.002626721;0.025315378;0.061537858;0.08985345;0.086627804;0.058175832;0.017189188;0.0041969647;-0.0005148796;0;0;0;0;0;0;0;0;0;0;0;0;0;0;0;0;0;0;0;0;0;0;0;0;0;0;0;0;0;0;0;0;0;0;0;0;0;0;0;0;0;0;0;0;0;0;0;0;0;0;0;0;0;0;0
cheek_right_up;0.0028958097;0.005420549;0.0062572784;0.005185931;0.0060374504;0.01272031;0.01983555;0.022947727;0.018480202;0.008998028;0.0019785692;-0.00024272897;0;0;0;0;0;0;-0.00015219762;0.0014117641;0.004146073;0.0060091815;0.005799254;0.0037262174;0.00094992295;-0.00016985061;0.0005963856;0.0011927712;0.0014909641;0.0011927712;0.0005963856;-0.000059638565;0;0;0;-0.00005566266;0.0005152772;0.0015267472;0.002197085;0.0022896437;0.002392222;0.0035849933;0.0064826324;0.009889505;0.011944411;0.012102333;0.010514994;0.008146629;0.0055244397;0.0031932872;0.0014504098;0.00047806257;0.000054867458;-0.000009065058;0;0;0;0;0;0;0;0;0;0
cheek_left_up;0.0035129497;0.0065757483;0.007590797;0.0063145314;0.0071201297;0.014681822;0.022687942;0.026240971;0.021110859;0.010260219;0.0022409786;-0.00027553018;0;0;0;0;0;0;-0.0001854362;0.0017214076;0.005038266;0.007294989;0.0070325793;0.0045134462;0.001144106;-0.00020213496;0.00069180736;0.0013836147;0.0017295183;0.0013836147;0.00069180736;-0.00006918073;0;0;0;-0.000068385554;0.00063614466;0.0018448195;0.0026361833;0.0027508484;0.0028842797;0.0043362803;0.007885173;0.012005958;0.014470223;0.014603813;0.012596618;0.009674328;0.0065707387;0.0038426318;0.0018115807;0.0006440963;0.000100192774;-0.000014313253;0;0;0;0;0;0;0;0;0;0
cheek_right_down;0;0;0;0;0;0;0;0;0;0;0;-0.0004079278;0.004079278;0.008158556;0.0101981945;0.008158556;0.004079278;-0.0004079278;0;0;0;0;0;0;0;0;0;0;0;0;0;0;0;0;0;0;0;0;0;0;0;0;0;0;0;0;0;0;0;0;0;0;0;0;0;0;0;0;0;0;0;0;0;0
cheek_left_down;-0.000021469883;0.00018607233;0.0007001567;0.0012643376;0.001455181;0.0011748797;0.0005749157;0.00012643376;-0.000015506028;0;0;-0.00043893987;0.0043893987;0.008778797;0.010973496;0.008778797;0.0043893987;-0.00043893987;0;0;0;0;0;0;0;0;0;0;0;0;0;0;0;0;0;0;0;0;0;0;0;0;0;0;0;0;0;0;0;0;0;0;0;0;0;0;0;0;0;0;0;0;0;0
nose_right;0;0;0;0;0;0;0;0;0;0;0;0;0;0;0;0;0;0;0;0;0;0;0;0;0;0;0;0;0;0;0;0;0;0;0;0;0;0;0;0;0;0;0;0;0;0;0;0;0;0;0;0;0;0;0;0;0;0;0;0;0;0;0;0
nose_left;0;0;0;0;0;0;0;0;0;0;0;0;0;0;0;0;0;0;0;0;0;0;0;0;0;0;0;0;0;0;0;0;0;0;0;0;0;0;0;0;0;0;0;0;0;0;0;0;0;0;0;0;0;0;0;0;0;0;0;0;0;0;0;0
nose_up;0;0;0;0;0;0;0;0;0;0;0;0;0;0;0;0;0;0;0;0;0;0;0;0;0;0;0;0;0;0;0;0;0;0;0;0;0;0;0;0;0;0;0;0;0;0;0;0;0;0;0;0;0;0;0;0;0;0;0;0;0;0;0;0
nose_down;0;0;0;0;0;0;0;-0.0013889159;0.012897833;0.03769157;0.054549407;0.051201694;0.04731326;0.03571952;0.033002656;0.027195185;0.013597593;-0.0013597592;0;0;0;-0.001121205;0.009748917;0.036272176;0.06512531;0.07466748;0.06005604;0.029175185;0.0063693984;-0.0007832531;0;0;0;0;0;0;0;0;0;0;0;0;0;0;0;0;0;0;0;0;0;0;0;0;0;0;0;0;0;0;0;0;0;0
nostrils_out;0;0;0;0;0;0;0;0;0;0;0;0;0;0;0;0;0;0;0;0;0;0;0;0;0;0;0;0;0;0;0;0;0;0;0;0;0;0;0;0;0;0;0;0;0;0;0;0;0;0;0;0;0;0;0;0;0;0;0;0;0;0;0;0
thyroid_up;0;0;0;0;0;0;0;0;0;0;0;0;0;0;0;0;0;0;0;0;0;0;0;0;0;0;0;0;0;0;0;0;0;0;0;0;0;0;0;0;0;0;0;0;0;0;0;0;0;0;0;0;0;0;0;0;0;0;0;0;0;0;0;0
tongue_front;-0.0016094461;0.016094461;0.032188922;0.040236153;0.032188922;0.016094461;-0.0016094461;-0.0011185546;0.010390365;0.0303229;0.04386748;0.04225061;0.027089162;0.006833253;-0.00079518085;0;0;0;0;-0.0026757838;0.023251088;0.0867105;0.15458713;0.18969437;0.17340907;0.11171098;0.054402296;0.022459881;0.0051527712;-0.007263977;0.057650607;0.21466699;0.38558316;0.43886557;0.38672292;0.26346463;0.1688434;0.12168389;0.08105544;0.020520965;-0.0023855423;0;0;0;0;0;0;0;0;0;0;0;0;0;0;0;0;0;0;0;0;0;0;0
tongue_up;0.022543376;0.064218804;0.11874038;0.1526747;0.14360966;0.09352519;0.04264555;0.0472576;0.107051216;0.15404244;0.1759576;0.16985062;0.12644434;0.13347375;0.16398975;0.18082789;0.2030922;0.21289414;0.18460767;0.15502581;0.14659956;0.17852549;0.22935286;0.2390518;0.18361275;0.12581615;0.117469415;0.17118521;0.2442411;0.2753897;0.24547763;0.20286389;0.14406292;0.08337471;0.09422628;0.14553665;0.17327519;0.20317532;0.18373978;0.12417015;0.07481592;0.038963865;-0.0038963866;0;0;0;0;0;0;0;0;0;0;0;0;0;0;0;0;0;0;0;0;0
tongue_down;0.15536562;0.30992967;0.37138122;0.3368736;0.22451854;0.20363429;0.1707325;0.20083486;0.22995505;0.26510587;0.28392994;0.25431648;0.16454943;0.04162506;-0.004840001;0;0;0;-0.00826882;0.07678107;0.22444773;0.31942412;0.3603362;0.37689185;0.36704594;0.3527035;0.33250487;0.22325498;0.13276339;0.068600245;0.11910218;0.28780773;0.5242627;0.6012362;0.48370847;0.23122798;0.08733206;0.098915204;0.15111668;0.15500724;0.15026903;0.20064902;0.35295;0.5374723;0.6473599;0.656293;0.5806617;0.467622;0.33733004;0.21012017;0.103397354;0.034954548;0.0045627467;-0.00070612045;0;0;0;0;0;0;0;0;0;0
tongue_left;0;0;0;0;0;0;0;0;0;0;0;0;0;0;0;0;0;0;0;0;0;0;0;0;0;0;0;0;0;0;0;0;0;0;0;0;0;0;0;0;0;0;0;0;0;0;0;0;0;0;0;0;0;0;0;0;0;0;0;0;0;0;0;0
tongue_right;0;0;0;0;0;0;0;0;0;0;0;0;0;0;0;0;0;0;0;0;0;0;0;0;0;0;0;0;0;0;0;0;0;0;0;0;0;0;0;0;0;0;0;0;0;0;0;0;0;0;0;0;0;0;0;0;0;0;0;0;0;0;0;0
tongue_roll;0;0;0;0;0;0;0;0;0;0;0;-0.011593737;0.11593737;0.23187473;0.2898434;0.23187473;0.11593737;-0.011593737;0;0;0;0;0;0;0;-0.00095421704;0.00954217;0.01908434;0.023855425;0.01908434;0.00954217;-0.00095421704;0;0;0;-0.00090650615;0.008413013;0.024650605;0.03570362;0.034305375;0.023064697;0.010515789;0.013941429;0.02989721;0.04891316;0.066645056;0.07905878;0.08060176;0.069227174;0.04786352;0.025156336;0.008498571;0.0011091176;-0.00017144092;0;0;0;0;0;0;0;0;0;0
tongue_wide;0.17451435;0.3495118;0.41973618;0.3850266;0.22423503;0.11677231;-0.011677232;-0.012982653;0.120549425;0.35242417;0.5101085;0.49158078;0.3153687;0.07978844;-0.009277108;0;0;0;-0.009289303;0.08626281;0.25208822;0.35439622;0.44231138;0.5633737;0.6638949;0.6858053;0.5954115;0.34309667;0.14814219;0.063618444;0.035465065;-0.0035465066;0;0;0;-0.0033821694;0.031404343;0.09181689;0.13154146;0.13723919;0.14512475;0.21948475;0.39750454;0.60426116;0.72803897;0.73557085;0.636528;0.49064565;0.33230767;0.19274706;0.08896006;0.030458597;0.004015662;-0.00061865046;0;0;0;0;0;0;0;0;0;0
tongue_up_flat;0.09361345;0.14594747;0.14761737;0.11238291;0.04662304;0.025716148;-0.0025716147;-0.0029686755;0.02756627;0.08057833;0.11662652;0.112385556;0.0720964;0.018236145;-0.0021204823;0;0;0;-0.00479335;0.044510514;0.13009687;0.18590796;0.20218004;0.19360533;0.16811608;0.15378428;0.14623377;0.09876146;0.059304588;0.029540965;0.06495038;0.17189823;0.31202894;0.3578314;0.28787535;0.13816798;0.046748683;0.043635547;0.06792912;0.070818804;0.07482015;0.11323535;0.20525101;0.31216258;0.3761746;0.38004556;0.32876116;0.25332713;0.17151415;0.099459626;0.045915324;0.015773203;0.0020913251;-0.000321253;0;0;0;0;0;0;0;0;0;0
tongue_turn_left;0;0;0;0;0;0;0;0;0;0;0;0;0;0;0;0;0;0;0;0;0;0;0;0;0;0;0;0;0;0;0;0;0;0;0;0;0;0;0;0;0;0;0;0;0;0;0;0;0;0;0;0;0;0;0;0;0;0;0;0;0;0;0;0
tongue_turn_right;0;0;0;0;0;0;0;0;0;0;0;0;0;0;0;0;0;0;0;0;0;0;0;0;0;0;0;0;0;0;0;0;0;0;0;0;0;0;0;0;0;0;0;0;0;0;0;0;0;0;0;0;0;0;0;0;0;0;0;0;0;0;0;0
tongue_low;0;0;0;0;0;0;-0.0074216877;0.068915665;0.2014458;0.2915663;0.2809639;0.16689785;0.17697544;0.28056103;0.389135;0.34728196;0.21093497;0.03638217;0.012585062;-0.013390846;0.103691585;0.38606033;0.6933977;0.79518086;0.6376768;0.32787165;0.13793738;0.164788;0.32162413;0.43729645;0.43061167;0.31061673;0.20533319;0.20892052;0.42720562;0.70194054;0.8215702;0.7217835;0.48404938;0.21704312;0.0740043;0.038571253;0.05099909;0.10931987;0.17885844;0.24413548;0.29024258;0.29622903;0.25428545;0.17556956;0.09193085;0.03087686;0.0040236134;-0.0006227854;0;0;0;0;0;0;0;0;0;0
tongue_back;0;0;0;-0.01156352;0.10052915;0.37423116;0.6722062;0.7709159;0.62024903;0.3014912;0.065891065;-0.008099712;0;0;0;0;0;0;0;0;0;0;0;0;0;-0.004930121;0.04930121;0.09860242;0.123253025;0.08667471;0.1529928;0.3811302;0.68793076;0.84692794;0.7782753;0.5013204;0.29389617;0.23224317;0.20828305;0.17423917;0.11922167;0.05445345;0.07191043;0.15378956;0.25151095;0.34319687;0.40804708;0.41629025;0.3573565;0.24680501;0.12942044;0.04361597;0.005794004;-0.0008886939;0;0;0;0;0;0;0;0;0;0
normal0;0.32620543;0.6245907;0.74187195;0.62358874;0.4175034;0.40636525;0.5219154;0.6018989;0.5890686;0.52142924;0.4604823;0.38692042;0.2523374;0.06080482;0.013412053;0.14313255;0.36460632;0.61053985;0.7468551;0.7947302;0.7606276;0.7688073;0.78179526;0.8179098;0.77564055;0.64864814;0.5241752;0.3921991;0.26573354;0.16036412;0.15986316;0.25817454;0.5067751;0.7330401;0.8677994;0.85816985;0.80632937;0.72979313;0.56522095;0.38974988;0.27181932;0.29542026;0.48600924;0.7433192;0.8947216;0.9252247;0.87245655;0.77664995;0.62676156;0.43016103;0.22398652;0.074810594;0.009796624;-0.0015140239;0;0;0;0;0;0;0;0;0;0
normal1;0.32188043;0.61918443;0.737547;0.6214262;0.41771957;0.40636525;0.5219154;0.6018989;0.5890686;0.52142924;0.4604823;0.38692042;0.2523374;0.06080482;0.013412053;0.14313255;0.36460632;0.61053985;0.7470714;0.7925668;0.7563008;0.7633988;0.7774685;0.8157465;0.7758569;0.64872605;0.523396;0.3906405;0.26378533;0.15880556;0.15908387;0.25825244;0.5067751;0.7330401;0.8677994;0.85824776;0.805602;0.727715;0.56226707;0.38666323;0.26848584;0.29029077;0.47668645;0.72921646;0.8778135;0.9088722;0.8590631;0.76694125;0.62034816;0.42628914;0.2218513;0.074055806;0.009679733;-0.001497325;0;0;0;0;0;0;0;0;0;0
normal2;0;0;0;0;0;0;0;0;0;0;0;0;0;0;0;0;0;0;0;0;0;0;0;0;0;0;0;0;0;0;0;0;0;0;0;0;0;0;0;0;0;0;0;0;0;0;0;0;0;0;0;0;0;0;0;0;0;0;0;0;0;0;0;0
normal3;0.21710663;0.40639305;0.46912488;0.40539113;0.30840454;0.41727513;0.5219154;0.6122893;0.49258673;0.2394051;0.052289505;-0.0064290375;-0.010390364;0.09648195;0.28202412;0.4081928;0.39334944;0.2523374;0.052397113;0.09870845;0.31022656;0.4490121;0.4326844;0.2775711;0.0598188;0.088318095;0.28202412;0.4081928;0.39334944;0.2523374;0.06382651;-0.0074216877;0;0;0;-0.0041561457;0.030651573;0.19222172;0.32043138;0.36711377;0.33713013;0.34930176;0.4810367;0.7434305;0.89583486;0.90518624;0.783285;0.6037395;0.40878662;0.23701161;0.10932145;0.037405297;0.004898312;-0.00075701193;0;0;0;0;0;0;0;0;0;0
normal4;0.21710663;0.40625393;0.47044408;0.40889788;0.3133307;0.4218673;0.52475417;0.61287373;0.49251434;0.2394051;0.052289505;-0.0064290375;-0.010390364;0.09648195;0.28202412;0.4081928;0.39334944;0.2523374;0.052397113;0.09870845;0.31022656;0.4490121;0.4326844;0.2775711;0.0598188;0.088318095;0.28202412;0.4081928;0.39334944;0.2523374;0.06382651;-0.0074216877;0;0;0;-0.0041561457;0.030651573;0.19222172;0.32043138;0.36711377;0.33713013;0.34930176;0.4810367;0.7434305;0.89583486;0.90518624;0.783285;0.6037395;0.40878662;0.23701161;0.10932145;0.037405297;0.004898312;-0.00075701193;0;0;0;0;0;0;0;0;0;0
normal5;0;0;0;-0.009068005;0.07882612;0.29354677;0.5273035;0.6047581;0.48657095;0.23652123;0.051671095;-0.0063525015;0;0;0;0;0;0;0;0;0;0;0;0;0;0;0;0;0;0;0;0;0;0;0;0;0;0;0;0;0;0;0;0;0;0;0;0;0;0;0;0;0;0;0;0;0;0;0;0;0;0;0;0
normal6;0;0;0;-0.00918434;0.079842515;0.29726642;0.5339163;0.6122893;0.49258673;0.2394051;0.052289505;-0.0064290375;0;0;0;0;0;0;0;0;0;0;0;0;0;0;0;0;0;0;0;0;0;0;0;0;0;0;0;0;0;0;0;0;0;0;0;0;0;0;0;0;0;0;0;0;0;0;0;0;0;0;0;0
normal7;0;0;0;0;0;0;0;0;0;0;0;0;0;0;0;0;0;0;0;0;0;0;0;0;0;0;0;0;0;0;0;0;0;0;0;0;0;0;0;0;0;0;0;0;0;0;0;0;0;0;0;0;0;0;0;0;0;0;0;0;0;0;0;0
normal8;0;0;0;0;0;0;0;0;0;0;0;0;0;0;0;0;0;0;0;0;0;0;0;0;0;0;0;0;0;0;0;0;0;0;0;0;0;0;0;0;0;0;0;0;0;0;0;0;0;0;0;0;0;0;0;0;0;0;0;0;0;0;0;0
normal9;0;0;0;0;0;0;0;0;0;0;0;0;0;0;0;0;0;0;0;0;0;0;0;0;0;0;0;0;0;0;0;0;0;0;0;0;0;0;0;0;0;0;0;0;0;0;0;0;0;0;0;0;0;0;0;0;0;0;0;0;0;0;0;0
normal10;0;0;0;0;0;0;0;0;0;0;0;0;0;0;0;0;0;0;0;0;0;0;0;0;0;0;0;0;0;0;0;0;0;0;0;0;0;0;0;0;0;0;0;0;0;0;0;0;0;0;0;0;0;0;0;0;0;0;0;0;0;0;0;0
normal11;0;0;0;0;0;0;0;0;0;0;0;0;0;0;0;0;0;0;0;0;0;0;0;0;0;0;0;0;0;0;0;0;0;0;0;0;0;0;0;0;0;0;0;0;0;0;0;0;0;0;0;0;0;0;0;0;0;0;0;0;0;0;0;0
normal12;0;0;0;0;0;0;0;0;0;0;0;0;0;0;0;0;0;0;0;0;0;0;0;0;0;0;0;0;0;0;0;0;0;0;0;0;0;0;0;0;0;0;0;0;0;0;0;0;0;0;0;0;0;0;0;0;0;0;0;0;0;0;0;0
normal13;-0.008349399;0.07258411;0.27024218;0.48537838;0.55662656;0.4478061;0.217641;0.047535907;-0.005844579;0;0;0;0;0;0;0;0;0;0;0;0;0;0;0;0;-0.0013748677;0.013748677;0.027497355;0.03437169;0.027497355;0.013748677;-0.0013748677;0;0;0;-0.0013136388;0.012197545;0.03566121;0.051617835;0.049555276;0.033365607;0.015285116;0.02020473;0.043105166;0.0703398;0.09584286;0.11386867;0.11621495;0.099896215;0.069139704;0.036357734;0.012319256;0.0016531806;-0.0002522631;0;0;0;0;0;0;0;0;0;0
normal14;0;0;0;0;0;0;0;0;0;0;0;0;0;0;0;0;0;0;0;0;0;0;0;0;0;0;0;0;0;0;0;0;0;0;0;0;0;0;0;0;0;0;0;0;0;0;0;0;0;0;0;0;0;0;0;0;0;0;0;0;0;0;0;0
normal15;0;0;0;0;0;0;0;0;0;0;0;0;0;0;0;0;0;0;0;0;0;0;0;0;0;0;0;0;0;0;0;0;0;0;0;0;0;0;0;0;0;0;0;0;0;0;0;0;0;0;0;0;0;0;0;0;0;0;0;0;0;0;0;0
